Company,Phone,Street,City,State,Zip
 Civilization Coffee + Kitchen,(213) 221-7087,724 South Spring Street,Los Angeles,CA,
 California Pizza Kitchen at 7th Street,(213) 228-8500,735 South Figueroa Street 7th Street,Los Angeles,CA,
 Metropole Bar + Kitchen,(213) 232-8866,899 Francisco St,Los Angeles,CA,
 City Kitchen Catering,(213) 236-4995,950 S Ste Flower St,Los Angeles,CA,
 Quality Appliance Repair,(213) 239-4513,South Gate,,CA,90280
 Star Remodeling & Construction,(213) 256-4238,Los Angeles,,CA,90057
 Onyx General Construction Company,(213) 257-6666,5363 Sunlight Place,Los Angeles,CA,
 Latin Construction Group Inc,(213) 258-6705,8548 Cleta St,Downey,CA,
 Yuko Kitchen,(213) 266-0046,101 W 5th St,Los Angeles,CA,
 Handyman Rudy,(213) 271-7702,Los Angeles,,CA,90057
 Grandma's Kitchen Kaffe,(213) 275-1116,316 E Pico Blvd A,Los Angeles,CA,
 Felix Builder,(213) 304-3493,220 Lucas Ave,Los Angeles,CA,
 Greenleaf Kitchen & Cocktails,(213) 314-2180,929 W. Jefferson Blvd.,Los Angeles,CA,
 Washington Construction,(213) 364-5566,2874 W 8th St,Los Angeles,CA,
 Alfonsos Mexican Kitchen Inc,(213) 372-5917,155 S Main St,Los Angeles,CA,
 Hi Pizza Italian Kitchen,(213) 380-5757,119 S Western Ave,Los Angeles,CA,
 New Star Sales,(213) 382-8686,928 S Western Ave,Los Angeles,CA,
 Tarboosh Middle East Kitchen,(213) 388-9636,3435 Wilshire Blvd,Los Angeles,CA,
 C&J Custom Furniture,(213) 392-4816,1922 East 64th Street unit d,Los Angeles,CA,
 M D G  Kitchen Remodeling,(213) 419-8580,12130 Washington Pl,Los Angeles,CA,
 Nancy's Cleaning Service- Commercial And Residential Cleaning,(213) 422-7664,Los Angeles,,CA,90047
 Destre Contractor,(213) 429-7740,Maywood,,CA,90270
 Handy Same Day Service,(213) 434-0253,"12727 Downey Ave,","Downey, CA,",CA,
 DM Construction,(213) 448-4289,COMPTON,,CA,90221-1747
 California Affordable Builder,(213) 459-9255,Los Angeles,,CA,90036
 L A Xtreme by Rafal Trojan,(213) 468-7769,7080 Hollywood Blvd Suite 1100,Los Angeles,CA,
 Tile Work J G,(213) 471-5399,Los Angeles,,CA,90026
 Crafted Kitchen,(213) 477-1127,672 S Santa Fe Ave,Los Angeles,CA,
 Factory Kitchen,(213) 488-3413,629 S Central Ave,Los Angeles,CA,
 Sammy Rooter,(213) 500-6790,Los Angeles,,CA,90026
 JML Construction and Demolition,(213) 510-3008,Los Angeles,,CA,90003
 Like New Kitchen and Bath Reglazing,(213) 522-3737,Los Angeles,,CA,90037
 Guishan Family Llc,(213) 536-5057,2520 Figueroa Street,Los Angeles,CA,
 Olive Kitchen,(213) 536-5465,1225 E Washington Blvd,Los Angeles,CA,
 Kb Kitchen & Best,(213) 536-5551,1717 S Hoover St,Los Angeles,CA,
 California Sushi Kitchen,(213) 621-0330,350 S Grand Ave,Pasadena,CA,
 Colori Kitchen,(213) 622-5950,429 W 8th Street,Los Angeles,CA,
 New York Pizza & Kitchen,(213) 623-4668,830 Maple Ave,Los Angeles,CA,
 Maria's Italian Kitchen Downtown,(213) 623-4777,811 Ste Wilshire Blvd,Los Angeles,CA,
 Chu's Kitchen,(213) 624-8928,111 W 9th St,Los Angeles,CA,
 Han Zhou Inc,(213) 625-2968,211 Ste Boyd St,Los Angeles,CA,
 Martha's Kitchen,(213) 625-8341,507 E 4th St,Los Angeles,CA,
 Kitchen World Inc,(213) 626-5216,241 E 4th St,Los Angeles,CA,
 Fortune Gourmet Kitchen,(213) 628-8188,727 N Broadway,Los Angeles,CA,
 French Kitchen The Cookwear,(213) 629-5280,404 S Ste Figueroa St,Los Angeles,CA,
 MAM Enterprises Incorporated,(213) 666-2341,Los Angeles,,CA,90027
 SkillSee,(213) 666-6142,6018 Washington Avenue,Whittier,CA,
 Korean Kitchen Hibachi Barbeque,(213) 680-1039,135 Japanese Village Plaza Mall,Los Angeles,CA,
 Roc International Trade Inc,(213) 687-8618,221 Boyd St,Los Angeles,CA,
" Elite Fire Service Protection, Inc",(213) 741-0012,"2526 S. Grand Ave.,",Los Angeles,CA,
 Christian Remodel Construction,(213) 747-0017,1501 W Washington Blvd,Los Angeles,CA,
 Kitchen Concepts,(213) 747-1940,1933 S Broadway,Los Angeles,CA,
 California Kabob Kitchen,(213) 747-9500,141 W 11th St,Los Angeles,CA,
 Stacie Kitchen,(213) 749-0473,2010 E 15th St,Los Angeles,CA,
 Deluxe Vanity & Kitchen,(213) 749-1540,1317 S Los Angeles St,Los Angeles,CA,
 Paul's Kitchen Enterprises Inc,(213) 749-5004,1012 S San Pedro St,Los Angeles,CA,
 Cabinet World,(213) 749-7499,1604 Venice Blvd,Los Angeles,CA,
 The Burrow Bar & Kitchen,(213) 784-3050,819 Flower St,Los Angeles,CA,
 Randolph Lofts,(213) 786-3648,215 West 6th Street,Los Angeles,CA,
 Same Day Service Remodeling,(213) 786-6538,Downey,,CA,90242
 MaidPro Downtown Los Angeles,(213) 797-4344,700 Wilshire Boulevard #101,Los Angeles,CA,
 MJ HANDYMAN,(213) 804-6407,Los Angeles,,CA,90059
 Dollar Tree,(213) 818-5255,7610 S Alameda Street,Huntington Park,CA,
 Figueroa Construction Inc,(213) 819-5776,Los Angeles,,CA,90044
 Humberto Hernandez remodeling,(213) 835-8699,2-Jan,Los Angeles,CA,
 Duran's Plumbing Inc,(213) 905-2484,Los Angeles,,CA,90037
 RAD rooms and patios,(213) 924-6436,627 Bailey Street,Los Angeles,CA,
 All About Construction,(213) 926-7727,349 S Catalina St,Los Angeles,CA,
 La Kitchen,(213) 989-6999,696 S Alvarado St,Los Angeles,CA,
 Gianfra Ware,(213) 989-7999,1606 W 6th St,Los Angeles,CA,
 The Factory Kitchen,(213) 996-6000,1300 Factory Pl,Los Angeles,CA,
 Smart Home Remodel LLC,(281) 676-7356,3380 West 67th Street,Los Angeles,CA,
 BayShore Studios,(310) 200-7788,904 Manhattan Avenue,Manhattan Beach,CA,
 Zone Gourmet Kitchen,(310) 202-1430,3300 S Robertson Blvd,Los Angeles,CA,
 Peveler's Remodeling,(310) 214-5049,4203 Spencer St,Torrance,CA,
" Ferguson Bath, Kitchen & Lighting Gallery",(310) 219-7239,2600 Marine Ave,Redondo Beach,CA,
 Expressions Kitchen & Bath Showroom,(310) 220-2022,1000 E Carson St,Carson,CA,
 Remodel USA,(310) 222-8662,2291 W 205th St,Torrance,CA,
 Western States Cabinet Wholesalers,(310) 222-8787,426 W Ste Carson St,Carson,CA,
 HomeGoods,(310) 231-9382,11250 W Olympic Blvd,West Los Angeles,CA,
 Bulthaup,(310) 246-3488,101 S Robertson Blvd,Los Angeles,CA,
 Crate & Barrel,(310) 247-1700,438 North Beverly Drive,Beverly Hills,CA,
 Bodhi Thai Kitchen,(310) 248-2777,9198 W Olympic Blvd,Beverly Hills,CA,
 M & M Kitchen Bath,(310) 257-6888,23832 Crenshaw Blvd,Torrance,CA,
 800 Degrees Woodfired Kitchen LAX,(310) 258-9541,Tom Bradley International Terminal 1 World Way,Los Angeles,CA,
 Kitchen Kit Guider,(310) 265-1109,286 Libby Street,Palos Verdes,CA,
 NEWtritious,(310) 266-9991,1230 Rosecrans Ave,Manhattan Beach,CA,
 Ditmas Kitchen & Cocktail,(310) 271-9300,8731 W Pico Blvd,Los Angeles,CA,
 Chef Ming's Kitchen,(310) 273-7727,8950 W Olympic Blvd,Beverly Hills,CA,
 altman's of beverly hills,(310) 274-5896,305 North Robertson Blvd,Beverly Hills,CA,
 California Pizza Kitchen at Beverly Hills,(310) 275-1101,207 South Beverly Drive Beverly Hills,Beverly Hills,CA,
 A Pacific Kitchen Equipment Service,(310) 275-1819,1648 N Cherokee Ave,Los Angeles,CA,
 European Deluxe Sausage Kitchen,(310) 276-1331,9109 W Olympic Blvd,Beverly Hills,CA,
 Kitchen & Bath Collection of Beverly Hills,(310) 276-6200,9668 Brighton Way,Beverly Hills,CA,
 Alessi,(310) 276-7096,301 N Robertson Blvd,Los Angeles,CA,
 Sen Asian Kitchen,(310) 277-7708,2000 Ste Avenue Of The Stars,Los Angeles,CA,
 California Pizza Kitchen at Culver Center,(310) 287-2727,10704 Venice Boulevard Culver Center,Culver City,CA,
 Bulthaup Corporation,(310) 288-3875,153 S Robertson Blvd,Los Angeles,CA,
 Hangar 18 Bar + Kitchen,(310) 293-5471,5855 W Century Blvd,Los Angeles,CA,
 Doma Kitchen,(310) 301-0582,4325 Glencoe Ave,Marina Del Rey,CA,
 California Pizza Kitchen at Marina Del Rey,(310) 301-1563,13345 Fiji Way,Marina del Rey,CA,
" American Freight - Appliance, Furniture, Mattress",(310) 316-2338,3610 Torrance Blvd,Torrance,CA,
 Hot's Kitchen,(310) 318-2939,844 Hermosa Ave,Hermosa Beach,CA,
 Kitchen Home,(310) 320-3888,21732 S Ste Vermont Ave,Torrance,CA,
 Create RE,(310) 321-1001,909 N Pacific Coast Hwy,El Segundo,CA,
 Glotz Cabinetmaking,(310) 322-1419,423 E El Segundo Blvd,El Segundo,CA,
 Chop-Chop Kitchen,(310) 323-4076,15322 S Normandie Ave,Gardena,CA,
 South Bay Appliances,(310) 323-7037,1640 W Redondo Beach Blvd,Gardena,CA,
 Hasu Kitchen of Japan,(310) 324-5435,2106 Artesia Blvd,Torrance,CA,
 Cravery Kitchen,(310) 324-5888,833 W 182nd St,Gardena,CA,
 MaidPro Culver City,(310) 324-6060,2127 Sawtelle Boulevard,Los Angeles,CA,
 Restoration Kitchen & Wine,(310) 328-8100,1437 Marcelina Ave,Torrance,CA,
 Bros Custom Kitchen Cabinets,(310) 329-9085,17809 S Figueroa St,Gardena,CA,
 Five Star Kitchen Cabinets and Flooring,(310) 329-9543,14803 S Western Ave,Gardena,CA,
 Guatemala Kitchen,(310) 330-0376,226 E Nutwood St,Inglewood,CA,
 Califonia Gourmet Kitchen,(310) 337-9022,450 World Way,Los Angeles,CA,
 Kitchen & Bath Gallery,(310) 338-8717,4869 W Washington Blvd,Los Angeles,CA,
 Best Kitchen Buy,(310) 341-3916,3124  Doctors Drive,Los Angeles,CA,
 Harbor Stones,(310) 347-7561,13423 Budlong Avenue,Gardena,CA,
 Echo Builders,(310) 356-0024,5551 W 6th St,Los Angeles,CA,
 Leicht Kitchen,(310) 360-0390,8761 Beverly Blvd,Los Angeles,CA,
 Skinny Kitchen,(310) 360-7060,8928 Santa Monica Blvd,West Hollywood,CA,
 My Lai Kitchen - Sunset,(310) 363-1900,7501 Sunset Blvd,Los Angeles,CA,
 Shaver Shop,(310) 370-3373,17516 Hawthorne Blvd,Torrance,CA,
 Hana Hardwood Flooring,(310) 371-1144,2893 W 190th St,Redondo Beach,CA,
 Ruby Thai Kitchen,(310) 371-7888,1815 Ste Hawthorne Blvd,Redondo Beach,CA,
 B&M Electric,(310) 372-2545,3904 Del Amo Blvd Suite 805,Torrance,CA,
 DDS Plumbing Inc,(310) 372-5300,2408 Fisk Ln.,Redondo Beach,CA,
 Yanagi Kitchen - Redondo Beach,(310) 372-6500,2301 Artesia Blvd. 8,Redondo Beach,CA,
 Doma Kitchen Cafe,(310) 372-7298,420 N Pacific Coast Hwy,Redondo Beach,CA,
 Its Creations,(310) 374-4990,1322 Aviation Blvd,Redondo Beach,CA,
 Verity Baths,(310) 375-2080,20950 South Normandie Avenue,Torrance,CA,
 Chef Wangs Kitchen,(310) 376-8031,308 Pier Ave,Hermosa Beach,CA,
 Starlight Chinese Kitchen,(310) 379-1668,561 N Pacific Coast Hwy,Redondo Beach,CA,
 Absolute Custom Landscape,(310) 379-4754,Redondo Beach,,CA,90278
 Fitch's Kitchen,(310) 379-5200,300 The Village,Redondo Beach,CA,
 GandF Construction,(310) 381-9369,626 Brent Avenue,South Pasadena,CA,
 CIB Construction,(310) 384-9352,Los Angeles,,CA,90065
 Modulo Cucine,(310) 385-1163,9011 Melrose Ave,West Hollywood,CA,
 Red Fifth Kitchen,(310) 385-5813,8879 W Pico Blvd,Los Angeles,CA,
 Rustic Kitchen,(310) 390-1500,3523 S Centinela Ave,Los Angeles,CA,
 SERVPRO of Beverly Hills/Westwood,(310) 390-7540,9440 Santa Monica Boulevard Ste 301,Beverly Hills,CA,
 The Tasting Kitchen,(310) 392-6644,1633 Abbot Kinney Blvd,Venice,CA,
 The Kitchen Store,(310) 397-1690,6310 W Slauson Ave,Culver City,CA,
 Klay Kitchen,(310) 397-7379,4283 Grand View Blvd,Los Angeles,CA,
 A2z Home Remodel,(310) 398-0100,4449 Sepulveda Blvd,Culver City,CA,
 Just Right Plumbing,(310) 398-3208,Los Angeles,,CA,90045
 Brickhouse Kitchen Catering,(310) 399-0448,7929 Emerson Ave,Los Angeles,CA,
 Grigors Home Remodeling,(310) 402-2997,1345 N Spaulding Ave,Los Angeles,CA,
 Affordable California ADU & Construction Builders,(310) 407-9262,Los Angeles,,CA,90021
 Delta Carpet Warehouse,(310) 412-2424,979 South La Brea Avenue,Inglewood,CA,
 Two Guns Kitchen El Segundo,(310) 416-9194,321 Main St,El Segundo,CA,
 Century Kitchen & Design,(310) 419-0124,240 W Ste Florence Ave,Inglewood,CA,
 JAC Interiors,(310) 428-2645,10401 Venice Blvd Suite 257,Los Angeles,CA,
 South Bay Handyman Repair,(310) 439-8423,2423 Huntington Lane,Redondo Beach,CA,
 Maria's Italian Kitchen,(310) 441-3663,10761 W Pico Blvd,Los Angeles,CA,
 Mandarin Kitchen,(310) 441-9651,1822 Westwood Blvd,Los Angeles,CA,
 Kitchen Story,(310) 444-9955,2129 Sawtelle Blvd,Los Angeles,CA,
 Zuma Kitchen,(310) 446-0055,1942 Westwood Blvd,Los Angeles,CA,
 Carvery Kitchen,(310) 450-0880,3101 Ocean Park Blvd,Santa Monica,CA,
 Society Kitchen,(310) 452-4400,2901 Ocean Park Blvd,Santa Monica,CA,
 Ruby Thai Kitchen Thai Food,(310) 470-1533,10800 W Pico Blvd,Los Angeles,CA,
 Kitchen Design Specialist,(310) 470-7172,2380 Westwood Blvd,Los Angeles,CA,
 Sawtelle Kitchen,(310) 473-2222,2024 Sawtelle Blvd,Los Angeles,CA,
 Euro Pacific Ketchens,(310) 474-7282,10837 Santa Monica Blvd,Los Angeles,CA,
 Kitchen Specialist,(310) 475-0771,2380 Westwood Blvd,Los Angeles,CA,
 Meridian Design Center/ Euro Design,(310) 481-9111,2285 Westwood Blvd,Los Angeles,CA,
 Lozano Construction Inc,(310) 491-8428,Inglewood,,CA,90303
 Schevers Construction,(310) 497-0890,Los Angeles,,CA,90045
 Homeplus Kitchen and Bath Company,(310) 503-8446,15317 Hawthorne Boulevard,Lawndale,CA,
 South Bay Home Remodeling,(310) 504-2217,Redondo Beach,,CA,90278
 Lyfe Kitchen of Ca,(310) 507-7955,9540 Washington Blvd,Culver City,CA,
 Tasty Kitchen,(310) 515-2251,1324 W Artesia Blvd,Gardena,CA,
 The Home Pros Renovations,(310) 515-3596,1000 E Dominguez St,Carson,CA,
 Island Raggae Kitchen,(310) 515-6869,14426 Crenshaw Blvd,Gardena,CA,
 Asia Kitchen,(310) 516-1260,3523 Artesia Blvd,Torrance,CA,
 Rice Kitchen Express,(310) 518-8888,23918 Avalon Blvd,Carson,CA,
 Mill's Country Kitchen,(310) 523-2051,18925 S Western Ave,Gardena,CA,
 American Carpet INC Warehouse,(310) 523-3648,1617 Rosecrans avenue,Gardena,CA,
 Ikea,(310) 527-4532,20700 Avalon Blvd,Carson,CA,
 Manzanares Construction Co,(310) 529-8692,Hawthorne,,CA,90250
 Adcock Manufacturing,(310) 532-4350,1550 W 132nd St,Gardena,CA,
 Kitchen Deli,(310) 533-9888,2018 W Carson St,Torrance,CA,
 J J American Kitchen Cabinet,(310) 538-6815,12901 S Budlong Ave,Gardena,CA,
 Nancy's Kitchen,(310) 542-3000,16503 Hawthorne Blvd,Lawndale,CA,
 21 Square Bar + Kitchen,(310) 543-6034,3635 Fashion Way,Torrance,CA,
 Luxe Home Remodel Inc,(310) 543-7511,310 Torrance Blvd,Redondo Beach,CA,
 Cambria,(310) 545-0062,213 Manhattan Beach Blvd,Manhattan Beach,CA,
 Four Daughters Kitchen,(310) 545-2444,3505 Highland Ave,Manhattan Beach,CA,
 Maple & Stone Kitchen,(310) 555-7428,1842 Westwood Blvd,Los Angeles,CA,
 Kitchen Fresh,(310) 559-1541,3380 S Robertson Blvd,Los Angeles,CA,
 Finish Carpenter Pro,(310) 560-4306,8324 Graham Ave,Los Angeles,CA,
 Studio Eats Kitchen & Bar - Los Angeles (CLOSED),(310) 568-3394,6081 Center Dr Suite 201,Los Angeles,CA,
 Tahntawan Thai Kitchen,(310) 578-4199,519 Washington Blvd,Marina Del Rey,CA,
 Design Onn Point,(310) 596-0296,Los Angeles,,CA,90035
" Islas Electric, Plumbing & Handyman",(310) 621-2682,Los Angeles,,CA,90002
 ISLAS ELECTRIC & HANDYMAN,(310) 621-2682,Los Angeles,,CA,90002
 Pablo's Kitchen,(310) 632-2508,3502 Martin Luther King Jr Blvd,Lynwood,CA,
 99 Cent House Kitchen Ware,(310) 635-2320,2787 E Del Amo Blvd,Compton,CA,
 Ralphs,(310) 641-2813,5245 W Centinela Ave,Los Angeles,CA,
 Ming Yuan Restaurant,(310) 641-6628,8446 Lincoln Blvd,Los Angeles,CA,
 Italy's Little Kitchen,(310) 645-1220,8516 Lincoln Blvd,Los Angeles,CA,
 Re-Nu Cabinets of California,(310) 645-3600,11913 Prairie Ave,Hawthorne,CA,
 Wags n Whiskers,(310) 648-8073,310 E Grand Ave,El Segundo,CA,
 RH West Hollywood | The Gallery on Melrose Avenue,(310) 652-0323,​8564 Melrose Ave,West Hollywood,CA,
 Aran Cucine Inc,(310) 652-0539,8687 Ste Melrose Ave,West Hollywood,CA,
 Amarone Kitchen and Wine,(310) 652-2233,8868 W Sunset Blvd,West Hollywood,CA,
 Hub of The House Kitchens and Interiors,(310) 652-2332,420 N Robertson Blvd,Los Angeles,CA,
 Kitchen & Bath Supplies,(310) 652-2862,8865 W Pico Blvd,Los Angeles,CA,
 EuroConcepts Kitchen & Bath,(310) 652-3472,8687 Melrose Ave # B-121 & B-124,West Hollywood,CA,
 Euroconcepts,(310) 652-9873,8687 Melrose Ave,West Hollywood,CA,
 Petstop Kitchen,(310) 659-3636,213 S Robertson Blvd,Beverly Hills,CA,
 Troy L Adams Designs,(310) 659-3942,8687 Melrose Ave,West Hollywood,CA,
 The Spanish Kitchen,(310) 659-4794,826 N La Cienega Blvd,West Hollywood,CA,
 Montanari Group Inc,(310) 659-5348,8687 Ste Melrose Ave,West Hollywood,CA,
 Someones In The Kitchen,(310) 659-7141,357 S Robertson Blvd,Beverly Hills,CA,
 Cooper Design Group Inc,(310) 659-8222,8687 Ste Melrose Ave,West Hollywood,CA,
 Canton Kitchen,(310) 671-6645,402 W Manchester Blvd,Inglewood,CA,
 Rotisol France Inc,(310) 671-7254,341 N Oak St,Inglewood,CA,
 Veronica's Kitchen,(310) 673-4890,528 W Manchester Blvd,Inglewood,CA,
 Dulan's Soul Food Kitchen,(310) 673-8526,3249 W Century Blvd,Inglewood,CA,
 Veronica Kitchen,(310) 674-5014,524 W Manchester Blvd,Inglewood,CA,
 Hawthorne Plumbing & Heating Supply Inc,(310) 675-2623,11644 Hawthorne Blvd.,Hawthorne,CA,
 Las Vegas Kitchen Cabinets and Doors,(310) 675-7704,12003 Prairie Ave,Hawthorne,CA,
 Chinese Kitchen,(310) 676-8461,11913 Hawthorne Blvd,Hawthorne,CA,
 Marina Woodcraft,(310) 677-2169,420 E Hyde Park Blvd,Inglewood,CA,
 Overnight Kitchens,(310) 679-4600,14829 Ste Hawthorne Blvd,Lawndale,CA,
 Tolbert Design Concepts,(310) 691-4486,Los Angeles,,CA,90059
 Los Angeles Tile Works‎,(310) 692-1171,8424 Santa Monica Blvd. A #786,West Hollywood,CA,
 Express Maid Service,(310) 693-3547,Los Angeles,,CA,90044
 Luxe Remodel,(310) 694-0515,329 N. Wetherly Dr. 205,Beverly Hills,CA,
 Orbital Maintenance & Construction Company,(310) 710-6028,Los Angeles,,CA,90045
 Juan de Jesus Inc  General Contractors,(310) 720-6833,Los Angeles,,CA,90043
 Papa's in the Kitchen,(310) 729-6282,Redondo Beach,,CA,90278
 RH Outlet Culver City,(310) 730-7374,11136 Jefferson Blvd.,Culver City,CA,
 Lucas Bathroom Remodel,(310) 736-2594,2051 W 236th St,Lomita,CA,
 Digital Kitchen,(310) 736-2646,8695 Ste Washington Blvd,Culver City,CA,
 Jenkins Construction of Los Angeles,(310) 743-7620,Los Angeles,,CA,90047
 United 1 Construction,(310) 745-3664,Downey,,CA,90240
 Construction Guaranteed,(310) 750-4995,Redondo Beach,,CA,90278
 The Management Authority,(310) 756-6227,Gardena,,CA,90248
 Bestile Cabinet & Stone Corp,(310) 763-9988,965 E Artesia Blvd,Carson,CA,
 Alpha Appliance and Service,(310) 766-1497,Compton,,CA,90221
 KRB Construction,(310) 766-5555,Los Angeles,,CA,90064
 Beautiful House,(310) 770-3619,LAKEWOOD,,CA,90712
 RR Services,(310) 773-5359,325 North Oakhurst Drive,Beverly Hills,CA,
 Aunt Annie's Cajun Kitchen,(310) 776-1242,8825 Crenshaw Blvd,Inglewood,CA,
 Ashleigh Underwood Home & Interior Design,(310) 779-0845,1800 Century Park East,Los Angeles,CA,
 E 2 Remodel,(310) 782-8247,22771 S Western Ave,Torrance,CA,
 Wkm LLC,(310) 783-0528,2083 Torrance Blvd,Torrance,CA,
 Kitchen Gallery,(310) 788-0001,9631 W Olympic Blvd,Beverly Hills,CA,
 California Pizza Kitchen at Manhattan Beach,(310) 796-1233,3320 North Sepulveda Boulevard,Manhattan Beach,CA,
 Rok Sushi Kitchen,(310) 798-4765,1200 Hermosa Ave,Hermosa Beach,CA,
 Marina Accardo Design and Construction,(310) 801-8878,Redondo Beach,,CA,90277
 Help Squad,(310) 804-5567,Los Angeles,,CA,90049
 Motech Corporation,(310) 808-9600,19034 S Vermont Ave,Gardena,CA,
 hill construction,(310) 809-0845,Carson,,CA,90746
 Uncle Mac's Kitchen,(310) 817-4401,15490 S Western Ave,Gardena,CA,
 Media Kitchen,(310) 817-5529,1842 W 169th St,Gardena,CA,
 APEX Kitchen Cabinet & Granite Countertop,(310) 819-8449,19751 S Figueroa Street,Carson,CA,
 Press Kitchen LLC,(310) 821-1698,610 Ste Venice Blvd,Venice,CA,
 Ruth's Chris Steak House,(310) 821-4593,13455 Maxella Ave #230,Marina del Rey,CA,
 Del Rey Kitchen,(310) 822-7788,12740 Culver Blvd,Los Angeles,CA,
 Celadon Thai Kitchen,(310) 823-8100,13364 W Washington Blvd,Los Angeles,CA,
 Custom Carpentry,(310) 823-8523,13953 Panay Way,Marina Del Rey,CA,
 Agra Indian Kitchen,(310) 827-0050,2553 Lincoln Blvd,Venice,CA,
 DW / LA Landscape Architects,(310) 827-2084,6912 North Tierno Lane,Los Angeles,CA,
 Dura-Strip of Santa Monica,(310) 828-6011,3716 W Jefferson Blvd,Los Angeles,CA,
 Creative Kitchen Design,(310) 836-7893,10530 Bradbury Rd,Los Angeles,CA,
 The Limey Wood Shop LLC,(310) 837-3890,5727 W Jefferson Blvd,Los Angeles,CA,
" Kavin Construction, Inc",(310) 837-7035,3814 Willat Ave,Culver City,CA,
 Kitchen Gallery Inc,(310) 837-9050,8885 Ste Venice Blvd,Los Angeles,CA,
 Williams-Sonoma,(310) 838-2377,8780 Venice Blvd,Los Angeles,CA,
 Hipcooks,(310) 841-2738,2833 S Robertson Blvd,Los Angeles,CA,
 Mama's Indian Kitchen,(310) 841-6559,10032 Venice Blvd,Culver City,CA,
 Mother's Market & Kitchen,(310) 844-6232,1700 Rosecrans Avenue,Manhattan Beach,CA,
 Mother's Kitchen,(310) 844-6363,1700 Rosecrans Avenue,Manhattan Beach,CA,
 Unclogging Kitchen Sink,(310) 846-0170,10022 S Inglewood Ave,Inglewood,CA,
 CHI Kitchen & Bath,(310) 847-7655,22029 Bonita St,Carson,CA,
 Weiss Kitchens,(310) 854-4924,8642 W Pico Blvd,Los Angeles,CA,
 Kitchen Design Studio,(310) 854-6322,400 N Robertson Blvd,Los Angeles,CA,
 Christopher Peacock Cabinetry,(310) 854-7222,400 N Robertson Blvd,Los Angeles,CA,
 Sharky's Beverly Hills Digital Kitchen @ Beverly Bites,(310) 858-0202,8600 West Pico Boulevard Suite 117,Beverly Hills,CA,
 Kitchen Studio L A,(310) 858-1008,359 N Robertson Blvd,Los Angeles,CA,
 DIOR (Permanently Closed),(310) 859-4700,309 North Rodeo Drive,Beverly Hills,CA,
 Reserve Kitchen & Bar - Playa Vista,(310) 862-5668,12746 W. Jefferson Blvd.,Playa Vista,CA,
 KRLA - Kitchen Remodeling Los Angeles,(310) 870-3304,2424 Wilshire Blvd,Los Angeles,CA,
 CLD electric,(310) 871-4970,Los Angeles,,CA,91406
 Kitchen Remodel And Design Culver City,(310) 895-2192,4022 Lincoln Ave,Culver City,CA,
 Modern Bathroom Remodel And Renovation Culver City,(310) 895-2241,4039 Lincoln Ave,Culver City,CA,
 Amped Kitchens L A  North,(310) 896-3085,230 West Avenue 26,Los Angeles,CA,
 Aviva Construction Corporation,(310) 897-5662,11705 South Inglewood Avenue,Hawthorne,CA,
 Alkon Inc,(310) 897-6835,6060 Apt Buckingham Pkwy,Culver City,CA,
 Joy Kitchen & Gift,(310) 898-1360,3100 E Imperial Hwy,Lynwood,CA,
 Built Well,(310) 903-2028,4411 Los Feliz Blvd,Los Angeles,CA,
 LA Move Consultants,(310) 904-9720,2006 North Sepulveda Boulevard #505,Manhattan Beach,CA,
 Mr  Handyman serving West Los Angeles,(310) 905-8143,Los Angeles,,CA,90025
 Andrea Michaelson Design,(310) 908-2800,Venice,,FL,90291
 OrganizeMeWell,(310) 913-9213,West Hollywood,,CA,90046
 Lux General Contractor,(310) 927-1130,11400 w olympic blvd suite 200,Los Angeles,CA,
 Nu Kitchen Design,(310) 933-5316,2223 Torrance Blvd,Torrance,CA,
 Not Your Mamas Kitchen,(310) 933-8896,1701 E Compton Blvd,Compton,CA,
 LA Home Construction,(310) 935-8385,8610 Chalmers Dr. Unit 203,Los Angeles,CA,
 JUTE Coastal Bar and Kitchen,(310) 939-1447,1400 Parkview Avenue,Manhattan Beach,CA,
 Greg Horeczko Construction,(310) 940-0812,Redondo Beach,,CA,90277
 Southern Construction & Development Inc,(310) 941-3288,2016 E 119th St,Los Angeles,CA,
 Crisfield construction Inc,(310) 944-0863,Gardena,,CA,90249
 Alta California Construction,(310) 953-8805,350 Crenshaw Blvd,Torrance,CA,
 Yanagi Kitchen - Manhattan Beach,(310) 955-2000,3001 North Sepulveda Blvd. # C,Manhattan Beach,CA,
 Shofani Construction Group Inc,(310) 956-5708,13528 S Inglewood Ave,Hawthorne,CA,
 At Home Kitchen,(310) 965-0804,16814 S Vermont Ave,Gardena,CA,
 Classic Interiors,(310) 970-9756,13740 Prairie Ave,Hawthorne,CA,
 Kitchen Remodel Los Angeles,(310) 971-4500,1019 S Westmoreland Ave,Los Angeles,CA,
 Sky Water Fire Protection Inc,(310) 975-7588,3209 Alameda Street suite c,Compton,CA,
 Lucky Bamboo Kitchen,(310) 978-8958,14323 Hawthorne Blvd,Lawndale,CA,
" 1st Tech Restoration, Inc",(310) 984-9217,Torrance,,CA,90501
 John Elwart,(310) 985-3657,Playa Del Rey,,CA,90293
 Matthew Kitchen Upgrade,(310) 987-4094,623 S Long Beach Blvd,Compton,CA,
 Poseidon International Inc,(310) 990-9740,2060 E 37th St,Los Angeles,CA,
 Cayetano's Handyman's Services,(323) 204-7083,Los Angeles,,CA,90019
 Express Electric and Construction,(323) 205-3700,3124 Sunset Blvd.,Los Angeles,CA,
 MDM Custom Remodeling Inc,(323) 210-3350,8866 Alcott St,Los Angeles,CA,
 Thai Kitchen,(323) 221-2873,2000 Ste Marengo St,Los Angeles,CA,
 Hong KONG Kitchen,(323) 222-2369,5088 Valley Blvd,Los Angeles,CA,
 Red Hot Kitchen,(323) 222-8900,4625 Valley Blvd,Los Angeles,CA,
 Fernando's Lumber,(323) 224-9112,2810 N Figueroa St,Los Angeles,CA,
 Ever Handyman,(323) 228-9961,Bell,,CA,90201
 Granny's Kitchen,(323) 231-2141,5440 S Central Ave,Los Angeles,CA,
 Proportion Foods LLC,(323) 231-7777,4020 Compton Ave,Los Angeles,CA,
 Ocean Pacific Cabinets,(323) 233-0439,1257 E 33rd St,Los Angeles,CA,
 Bueno Bonito Barato,(323) 233-8999,4501 S Alameda St,Los Angeles,CA,
 Innor Renovations,(323) 238-0696,3015 West Jefferson Boulevard,Los Angeles,CA,
 Iveth's Cleaning Services,(323) 239-7732,Los Angeles,,CA,90003
 Paints & Taping,(323) 240-9519,3170 La Clede Ave Apt 2,Los Angeles,CA,
 Dona Ana's Kitchen,(323) 242-2231,11313 Avalon Blvd,Los Angeles,CA,
 Eternal Stone Inc,(323) 249-9064,2929 Century Blvd,South Gate,CA,
 Auntie Em's Kitchen,(323) 255-0800,4616 Eagle Rock Blvd,Los Angeles,CA,
" Art Home Interiors, Inc",(323) 263-9755,3508 1st Street,Los Angeles,CA,
 Carnaval Sales,(323) 264-3554,542 S Woods Ave,Los Angeles,CA,
" Certified Enameling, Inc",(323) 264-4403,3342 Emery St,Los Angeles,CA,
 Tila's Kitchen,(323) 264-5513,3909 Whittier Blvd,Los Angeles,CA,
 Olympic Ceramic Tile Bath & Kitchen,(323) 265-2323,4351 Telegraph Rd,Los Angeles,CA,
 Reba's Kitchens LLC,(323) 267-4339,1539 Fishburn Ave,Los Angeles,CA,
 Family Maid,(323) 268-1035,4425 Bandini Blvd,Los Angeles,CA,
 Un Solo Sol Kitchen,(323) 269-8680,1818 E 1st St,Los Angeles,CA,
 Xtreme Kitchen Cabinets Inc,(323) 270-1601,6118 Cherry Avenue,Long Beach,CA,
 Canis Major,(323) 272-3758,7613 Melrose Ave,Los Angeles,CA,
 Flores Cabinet Shop,(323) 277-9424,5534 Bandera St,Los Angeles,CA,
 Marco New Kitchen,(323) 278-1133,412 W Whittier Blvd,Montebello,CA,
 Jack's Family Kitchen,(323) 296-5215,3965 S Western Ave,Los Angeles,CA,
 Super Plumbing 911,(323) 303-9602,Bell,,CA,90201
 Super Plumbers 911,(323) 303-9602,6808 Vinevale Avenue,Bell,CA,
 Darnell General Construction,(323) 305-1127,Los Angeles,,CA,90062
 ABS Kitchen,(323) 306-0800,5100 S Vermont Ave,Los Angeles,CA,
 Get Busy Clean-Up Services,(323) 309-0784,825 West Raymond St Unit #44,Thompson,CA,
 Kitchen Services,(323) 310-2010,362 1/2 Via Vis,Montebello,CA,
 Nelson Handyman,(323) 312-4831,Los Angeles,,CA,90037
 Mediterranean Kitchen,(323) 318-2827,2480 S Atlantic Blvd,Los Angeles,CA,
 Nino's Handyman,(323) 320-2621,Los Angeles,,CA,90042
 Os Remodeling Inc,(323) 320-3080,Los-Angeles,,CA,90042
 Lowe's Home Improvement,(323) 327-4000,2800 W 120th Street,Hawthorne,CA,
 Aguirre's Construction,(323) 336-7411,Lynwood,,CA,90262
 The Kitchen Beautician Inc,(323) 340-1900,130 N Ste Avenue 61,Los Angeles,CA,
 Grittel,(323) 350-0680,619 North La Brea Avenue,Los Angeles,CA,
 Danny's Kitchen Cabinets,(323) 357-1139,2523 E 115th Pl,Los Angeles,CA,
 Lotte Kitchen World Inc,(323) 373-0246,982 S Western Ave,Los Angeles,CA,
 Pace Green Construction Inc,(323) 377-5894,Los Angeles,,CA,90019
 LA Kitchen Hoods,(323) 387-4334,Los Angeles,,CA,90059
 Jorge Jauregui Plumbing,(323) 397-0811,Los Angeles,,CA,90016
 Ramos Remodeling Services,(323) 403-1833,Los Angeles,,CA,90004
 SAR CONSTRUCTION TEAM CORP,(323) 404-1245,534 N Lincoln Ave,Monterey Park,CA,
 A&A Home Improvements,(323) 404-3031,Los Angeles,,CA,90061
 RDM Construction,(323) 407-4926,1004 1/2 N Hicks Ave,Los Angeles,CA,
 Family Style Kitchen,(323) 407-6811,5173 W Sunset Blvd,Los Angeles,CA,
 Marco's Kitchen,(323) 412-3165,6732 Crenshaw Boulevard,Los Angeles,CA,
 Gutiérrez Construcción,(323) 420-3020,Los Angeles,,CA,90003
 Ramirez Remodeling,(323) 423-5939,8850 S Avalon Blvd,Los Angeles,CA,
 Melana Inc,(323) 424-8301,Los Angeles,,CA,90011
 Lyfe Kitchen,(323) 436-6227,7100 Santa Monica Blvd,Los Angeles,CA,
 Berries Kitchen Hollywood,(323) 436-6282,6900 S Vermont Ave,Los Angeles,CA,
 A&G Construction Services,(323) 439-6156,Paramount,,CA,90723
 California Pizza Kitchen at Hollywood,(323) 460-2080,6801 Hollywood Boulevard,Hollywood,CA,
 Kitchen Academy,(323) 460-4022,6370 W Sunset Blvd,Los Angeles,CA,
 Midtown Bar and Kitchen,(323) 460-4090,5722 Melrose Ave,Los Angeles,CA,
 ShopHouse Southeast Asian Kitchen,(323) 462-2856,6333 West Sunset Blvd.,Los Angeles,CA,
 Tailwaggers & Tailwashers Hollywood,(323) 464-9600,1929 N Bronson Ave,Los Angeles,CA,
 Tailwaggers & Tailwashers Larchmont Village,(323) 464-9600,147 N Larchmont Blvd,Los Angeles,CA,
 Kitchen 24,(323) 465-2424,1610 N Cahuenga Blvd,Los Angeles,CA,
 Tiago Express Bar Kitchen,(323) 466-5600,7080 Hollywood Blvd,Los Angeles,CA,
 Farmer's Kitchen,(323) 467-7600,1555 Ste Vine St,Los Angeles,CA,
 Chavez Plumbing & Rooter Inc,(323) 471-1753,15921 Minnesota Avenue,Paramount,CA,
 Design Build Maintain DBM,(323) 472-5769,523 North Windsor Boulevard,Los Angeles,CA,
 Royal Prestige,(323) 484-9804,3642 E Florence Ave,Huntington Park,CA,
 Green's Construction & Home Repair,(323) 488-5526,Los Angeles,,CA,90043
 Valencia's Plumbing,(323) 489-9276,Los Angeles,,CA,90002
 Shik Builders,(323) 494-2323,Los Angeles,,CA,91364
 QuickFix Electric,(323) 496-1195,Compton,,CA,90221
 Infinity 1 Services,(323) 505-2031,8330 Long Beach Boulevard  Ste 111 # 282,South Gate,CA,
 Next Door Bathroom and Kitchen,(323) 517-8755,Los Angeles,,CA,90001
 Aussie Pie Kitchen,(323) 522-6407,5173 W Sunset Blvd,Los Angeles,CA,
 Xtiosu Kitchen,(323) 526-8844,923 Forest Ave,Los Angeles,CA,
 Brew Kitchen Bar,(323) 530-0218,2328 S Garfield Ave,Monterey Park,CA,
 BRA General Construction,(323) 534-3033,Downey,,CA,90241
 Argueta Construction,(323) 539-1600,Los Angeles,,CA,90063
 Diamant Tile,(323) 548-4694,Los Angeles,,CA,90063
 Bellus Kitchen Design,(323) 556-0767,8350 Wilshire Blvd,Beverly Hills,CA,
 Antogitos Market & Kitchen,(323) 560-3020,5822 Gage Ave,Bell Gardens,CA,
 Classica Home Products,(323) 560-3318,5201 Gage Ave,Bell Gardens,CA,
 Kitchen Cuts,(323) 562-1413,6019 District Blvd,Maywood,CA,
 Four Elements Plumbing,(323) 563-2826,6229 Otis Avenue,Bell,CA,
 Popeyes Louisiana Kitchen,(323) 566-9402,1653 E 103rd St,Los Angeles,CA,
 Built Tough Inc,(323) 569-1975,9636 Atlantic Ave,South Gate,CA,
 Lupita's Cabinet,(323) 581-5070,7817 S Central Ave,Los Angeles,CA,
 Davida Aprons & Logo Programs Inc,(323) 581-7300,4438 Pacific Blvd,Los Angeles,CA,
 Royal Prestige Fast Cookware,(323) 581-8495,2031 E 65th St,Los Angeles,CA,
 K C & Co,(323) 582-7799,2960 Leonis Blvd,Los Angeles,CA,
 Honduras' Kitchen,(323) 582-9139,2409 E Slauson Ave,Huntington Park,CA,
 D E Cabinets and Furniture,(323) 584-5012,1350 E Slauson Ave,Los Angeles,CA,
" Huxtable'S Kitchen, Inc",(323) 584-7880,2100 E 49th St,Vernon,CA,
 Carolyn's Kitchen,(323) 585-1660,853 E Manchester Ave,Los Angeles,CA,
 Heriberto's Kitchen Cabinets,(323) 585-5723,7720 Maie Ave,Los Angeles,CA,
 Luna Chic Inc,(323) 586-0877,2110 E 25th St,Los Angeles,CA,
 Seville Kitchen Cabinets,(323) 587-3185,7904 Seville Ave,Huntington Park,CA,
 Corner Kitchen,(323) 588-0068,6913 Pacific Blvd,Huntington Park,CA,
 K & K Inc,(323) 588-1628,5613 Maywood Ave,Maywood,CA,
 Ariya Thai Kitchen,(323) 589-1245,2560 E Gage Ave,Huntington Park,CA,
 Genius Naturals,(323) 589-9828,2770 Leonis Blvd,Los Angeles,CA,
 BACILIO'S CONSTRUCTION,(323) 592-0020,Downey,,CA,90241
 Bathroom & Kitchen Fixtures,(323) 592-3800,7270 Beverly Blvd,Los Angeles,CA,
 A&J Construction,(323) 599-9474,Los Angeles,,CA,90011
 Arms Development & Design,(323) 602-4505,Bellflower,,CA,90706
 KZ Tile & Stone,(323) 602-7965,Whittier,,CA,90604
 Quality Master Construction,(323) 606-1298,Los Angeles,,CA,90011
 Jedi Investments LLC,(323) 614-0602,1231 West Blvd Suite 202,Los Angeles,CA,
 Cabinets To Go,(323) 622-0840,6550 Telegraph Rd,Commerce,CA,
 Makeda Enterprise,(323) 628-9541,Los Angeles,,CA,90047
 Carlos Plumbing,(323) 630-3022,942 East 65th Street,Inglewood,CA,
 California Construction & Remodeling Experts,(323) 638-7558,9100 Wilshire Boulevard E. Tower Ste. 333,Beverly Hills,CA,
 Sagrado Mezcaleria + Kitchen,(323) 644-0605,3216 Glendale Blvd.,Los Angeles,CA,
 Big 8 Kitchen,(323) 645-7911,5445 Hollywood Blvd,Los Angeles,CA,
 Collectibles And More In-Store,(323) 656-0594,8527 Crescent Drive,Los Angeles,CA,
 Continental Kitchen,(323) 656-7500,8205 Ste Santa Monica Blvd,Los Angeles,CA,
 The Indian Kitchen,(323) 656-9000,8165 Santa Monica Blvd,Los Angeles,CA,
 Kitchen & Bath Remodeling LA,(323) 657-6022,8954 Ellis Avenue #8954,Los Angeles,CA,
 Messhall Kitchen,(323) 660-6377,4500 Los Feliz Blvd,Los Angeles,CA,
 Forma Design Build,(323) 661-0955,2378 Glendale Blvd,Los Angeles,CA,
 The Kitchen Silver Lake,(323) 664-3663,4348 Fountain Ave,Los Angeles,CA,
 Dragonglass Kitchen,(323) 665-5779,3100 Los Feliz Blvd,Los Angeles,CA,
 Flores Artscape,(323) 666-3510,3959 Eagle Rock Blvd,Los Angeles,CA,
 CM National Inc,(323) 666-9661,1959 Ste Blake Ave,Los Angeles,CA,
 Inda Jones The Kitchen,(323) 676-9260,3670 Broadway Pl,Los Angeles,CA,
 Oliver Kitchen Service,(323) 693-9894,14717 Hawthorne Blvd,Lawndale,CA,
 John Bathroom Remodel,(323) 709-8962,13244 Hawthorne Blvd,Hawthorne,CA,
 Viva's Restoration,(323) 715-6759,Huntington Park,,CA,90255
 Hyde Sunset Kitchen + Cocktails,(323) 716-4200,8117 Sunset Boulevard,Los Angeles,CA,
 Cabinet Modern,(323) 718-0007,2463 Whittier Blvd,Los Angeles,CA,
 Flame Gard Inc,(323) 720-5112,6827 E Washington Blvd,Los Angeles,CA,
 Kitchen Collection,(323) 722-3272,100 Ste Citadel Dr,Los Angeles,CA,
 Broaster Kitchen Inc,(323) 722-4190,1440 W Beverly Blvd,Montebello,CA,
 Le Creuset,(323) 725-6336,100 Ste Citadel Dr,Los Angeles,CA,
 HD Supply Repair & Remodel,(323) 727-9785,7601 Telegraph Rd,Montebello,CA,
 Fernando's Custom Kitchen Cabients,(323) 728-6577,500 Washington Blvd,Montebello,CA,
 Tim's Kitchen,(323) 731-0769,3125 W Jefferson Blvd,Los Angeles,CA,
" Roland Products, Inc",(323) 731-1111,3400 W. Olympic Blvd,Los Angeles,CA,
 Jireh Custom Furniture Inc,(323) 733-0021,5112 W Jefferson Blvd,Los Angeles,CA,
 Ac's Kitchen,(323) 733-9000,4768 W Adams Blvd,Los Angeles,CA,
 The Kitchen Warehouse,(323) 734-1696,3716 W Washington Blvd,Los Angeles,CA,
 Republic Master Chefs,(323) 735-1661,1664 W. Washington Blvd.,Los Angeles,CA,
 Caveman Kitchen,(323) 737-3717,"2215 Vermont Ave #101, 102",Los Angeles,CA,
 Lemon Poppy Kitchen,(323) 739-0012,3324 Verdugo Rd,Los Angeles,CA,
 Juans Construction Handyman,(323) 742-9872,Los Angeles,,CA,90007
 Hilltop Coffee + Kitchen - Inglewood,(323) 743-8100,170 North La Brea Avenue,Inglewood,CA,
 Alta Nordic Kitchen,(323) 746-5221,7274 Melrose Ave,Los Angeles,CA,
 Express Cabinet Refacing,(323) 750-2330,1320 W 87th St,Los Angeles,CA,
 Buxton Plastics Inc,(323) 752-6629,1458 W Slauson Ave,Los Angeles,CA,
 Joel Govea,(323) 753-1240,6410 S Broadway,Los Angeles,CA,
 Hostess Cake Kitchen,(323) 753-3521,6007 S St Andrews Pl,Los Angeles,CA,
 The Peoples Kitchen,(323) 754-1502,10013 S Broadway,Los Angeles,CA,
 Lim's Oriental Kitchen,(323) 759-4549,8728 S Western Ave,Los Angeles,CA,
 Fernando's Custom Kitchen Cabinets,(323) 773-3260,5555 Gage Ave,Bell Gardens,CA,
 CrossRoads Kitchen,(323) 782-9245,8284 Melrose Ave,Los Angeles,CA,
 Express Cabinets,(323) 791-8432,Los Angeles,,CA,90003
 Kathy's Kitchen,(323) 814-8208,7701 Crenshaw Blvd,Los Angeles,CA,
 DC Keeton Home Improvements,(323) 828-6843,Los Angeles,,CA,90017
 Rodriguez Remodeling,(323) 830-3235,Los Angeles,,CA,90044
 Andrew Custom Kitchen,(323) 831-7391,9800 S La Cienega Blvd,Inglewood,CA,
 Gibson Oversea Inc,(323) 832-8900,2410 Yates Ave,Los Angeles,CA,
 Gonzalez Painting and Repairs,(323) 833-5284,Los Angeles,,CA,90018
 Rp Jvr International,(323) 835-6689,6325 Ste Pacific Blvd,Huntington Park,CA,
 Kitchen Plus Inc,(323) 837-0025,6051 Telegraph Rd,Los Angeles,CA,
 CB2,(323) 848-7111,8000 Sunset Boulevard,Los Angeles,CA,
 J C Construction,(323) 867-1207,Los Angeles,,CA,90011
 Smart Clean,(323) 868-1549,432 North Vail Avenue,Montebello,CA,
 J Cabinets,(323) 871-1612,5609 W Sunset Blvd,Los Angeles,CA,
 Kitchen Remodeled Premiere,(323) 873-2985,5010 Kelton Ave,Los Angeles,CA,
 Kaya Street Kitchen,(323) 879-9288,109 N Fairfax Ave,Los Angeles,CA,
 American KGP Inc,(323) 888-0008,7142 Condor Street,Commerce,CA,
 Remodelación La Mejor,(323) 901-5175,Cudahy,,CA,90201
 F&AA Remodelaciónes,(323) 901-5175,Cudahy,,CA,90201
 Frank's Handy Works,(323) 903-1088,Whittier,,CA,90602
 Bulan Thai Vegetarian Kitchen,(323) 913-1488,4114 Santa Monica Blvd,Los Angeles,CA,
 Ra C  Remodeling Inc,(323) 915-2120,1751 W Exposition Blvd,Los Angeles,CA,
 Cafe Vida - Kitchen,(323) 922-2391,1842 West Washington BLVD,Los Angeles,CA,
 Huxtables Kitchen Inc,(323) 923-2880,2080 E 49th St,Los Angeles,CA,
 Pacific Construction,(323) 930-1137,1344 S Tremaine Ave,Los Angeles,CA,
 China Kitchen,(323) 931-5013,4511 W Pico Blvd,Los Angeles,CA,
 Mastrad Inc,(323) 932-0697,7461 Ste Beverly Blvd,Los Angeles,CA,
 Maos Kitchen,(323) 932-9681,7315 Melrose Ave,Los Angeles,CA,
 Crepes Plus Kitchen,(323) 933-3403,5223 Wilshire Blvd,Los Angeles,CA,
 Ho Ho Kitchen,(323) 936-6969,5677 W Ste Pico Blvd,Los Angeles,CA,
 Kitchen Sante La Brea Sante,(323) 937-2683,345 N Ste La Brea Ave,Los Angeles,CA,
 Moda Collection,(323) 937-9761,6011 W Pico Blvd,Los Angeles,CA,
 Col Cabinet & Granite,(323) 938-8838,4525 W Pico Blvd,Los Angeles,CA,
 The Sycamore Kitchen,(323) 939-0151,143 S La Brea Ave,Los Angeles,CA,
 Little Kitchen Restaurant,(323) 939-0161,1292 S La Brea Ave,Los Angeles,CA,
 Martin Pierce Custom Decorative Hardware,(323) 939-5929,5433 W. Washington Blvd,Los Angeles,CA,
 D & O Cabinets,(323) 939-9491,6114 Venice Blvd,Los Angeles,CA,
 Hyde Sunset: Kitchen and Cocktails,(323) 940-1650,8117 W Sunset Blvd,Los Angeles,CA,
 Alfred Coffee & Kitchen,(323) 944-0811,8428 Ste Melrose Pl,West Hollywood,CA,
 Jacky's Cleaning Service,(323) 944-7337,Los Angeles,,CA,90031
 Fat Kitchen Remodeler,(323) 948-8400,"554 W 5th, St",Los Angeles,CA,
 Nova Studio,(323) 951-0771,8360 Ste Melrose Ave,West Hollywood,CA,
 SMDM DBA Builders,(323) 952-9455,Los Angeles,,CA,90036
 Linares Olga E,(323) 962-2810,5537 Santa Monica Blvd,Los Angeles,CA,
 A & G Refinishing,(323) 965-0566,2747 S Cochran Ave,Los Angeles,CA,
 Bargain Fair,(323) 965-2227,4635 W Pico Blvd,Los Angeles,CA,
 A A  Construction,(323) 979-2238,Los Angeles,,CA,90015
 Design And Create Builders,(323) 979-2988,7190 West Sunset Boulevard,Los Angeles,CA,
 Deluxe Vanity and Kitchen,(323) 980-9040,4466 Worth St,Los Angeles,CA,
 JOSE SOLIS REMODELING,(323) 984-4603,Los Angeles,,CA,90023
 Henry Kitchen Design,(323) 991-9041,2447 Pacific Coast Hwy,Hermosa Beach,CA,
 Dk Dream Kitchen,(323) 997-7717,2425 Lee Ave,South El Monte,CA,
 Ceballos Construction,(424) 224-8465,Torrance,,CA,90504
 A2Z Kitchen & Bath,(424) 229-1909,8865 W Pico Blvd,Los Angeles,CA,
 My Handyman,(424) 230-3005,8564 West Pico Boulevard,Los Angeles,CA,
 Renovo Stone Countertops,(424) 230-3020,1505 S La Cienega Blvd,Los Angeles,CA,
 Greenleaf Kitchen and Cocktails,(424) 239-8700,1888 Century Park East,Los Angeles,CA,
 Uplifters Kitchen,(424) 268-4904,2819 Ocean Park Boulevard,Santa Monica,CA,
 The Kitchen At Constellation,(424) 278-2057,10250 Constellation Blvd,Los Angeles,CA,
 Ace Handyman Services South Bay,(424) 279-3543,1810 Artesia Blvd,Redondo Beach,CA,
 RH Baby & Child - Closed,(424) 280-7140,1219 Third Street Promenade,Santa Monica,CA,
 RH Modern | The Gallery On Beverly Blvd,(424) 281-1326,8772 Beverly Blvd.,West Hollywood,CA,
 1 Kitchen,(424) 281-1880,8490 Sunset Boulevard,West Hollywood,CA,
 Millbrook Kitchen Inc,(424) 287-7789,15960 Downey Ave,Paramount,CA,
 Alfemo Furniture,(424) 288-4504,1111 S Robertson Blvd,Los Angeles,CA,
 Karubas Yardy Kitchen,(424) 312-1055,1300 Centinela Ave,Inglewood,CA,
 Kitchen & Bath Remodeling Pros,(424) 330-8222,257 N Canon Dr,Beverly Hills,CA,
 Lizama Drywall Group,(424) 332-8683,Los Angeles,,CA,90019
 Italian Kitchen Design,(424) 333-4511,490 S San Vicente Blvd,Los Angeles,CA,
 All Level Installations of Finish Carpentry Inc,(424) 336-6364,5757 West Century Boulevard Suite: 700,Los Angeles,CA,
 Balam Mexican Kitchen,(424) 338-6762,11700 Long Beach Blvd,Lynwood,CA,
 Kitchen United MIX,(424) 352-3070,21712 Hawthorne Blvd,Torrance,CA,
 Bob's Discount Furniture and Mattress Store,(424) 360-9152,19800 Hawthorne Blvd,Torrance,CA,
 California Pizza Kitchen at Westfield Century City,(424) 363-1235,10250 Santa Monica Boulevard Westfield Century City,Los Angeles,CA,
 Marina Del Rey Roofing,(424) 364-2617,"5821 W Pico Blvd, Los Angeles, CA 90019",Los Angeles,CA,
 ALC Construcción,(424) 419-2725,Compton,,CA,90220
 World Market,(424) 426-4263,14401 Hindry Avenue,Hawthorne,CA,
 Torrance Bathroom & Kitchen remodel,(424) 435-2766,"21514 Meyler St, Torrance, CA 90502",Torrance,CA,
 M+ Kitchen & Bathroom Remodeling,(424) 478-4229,5800 Hannum Ave,Culver City,CA,
 Green Age Construction,(424) 521-4937,Redondo Beach,,CA,90078
 Apex Kitchen Cabinet And Quartz Countertop,(424) 528-2091,14220 S Western Ave,Gardena,CA,
 Mindi's Kitchen,(424) 558-3626,1757 W Carson St,Torrance,CA,
 Manny Construction Inc,(424) 610-9810,Lawndale,,CA,90260
" 26 Builders, Inc",(424) 644-7199,9191 Charleville Blvd,Beverly Hills,CA,
 California Pizza Kitchen,(424) 702-4820,1 World Way Terminal 1,Los Angeles,CA,
 Zerimar Depot,(424) 785-7772,11170 1/2 Atlantic Ave,Lynwood,CA,
 First Builders Inc,(424) 813-8586,4637 West 18th Street,Los Angeles,CA,
 MaidPro Manhattan Beach,(424) 903-1311,409 North Sepulveda Boulevard #101,Manhattan Beach,CA,
 26 Remodeling,(424) 999-8926,1100 South Robertson Boulevard,Los Angeles,CA,
 True Food Kitchen,(480) 212-0175,10250 Santa Monica Blvd Ste 1400,Los Angeles,CA,
" ﻿Lauren J  Coombs, CCIM - Investment Real Estate Advisor",(562) 212-2879,3626 Long Beach Blvd,Long Beach,CA,
 American Freight - Appliance,(562) 262-3700,18714 S. Gridley Road,Cerritos,CA,
 Isais Valenzuela,(562) 271-7749,9110 Bermudez St,Pico Rivera,CA,
 Kitchen & Bath Design Center,(562) 283-0184,999 E Willow St,Signal Hill,CA,
 Extreme Custom Kitchen & Design,(562) 283-3677,6118 Cherry Ave,Long Beach,CA,
 Howard's Appliance TV & Mattress Outlet,(562) 294-3750,5102 Industry Ave,Pico Rivera,CA,
 CPS General Contractors,(562) 307-7128,Bellflower,,CA,90706
 Royal Crown F & C,(562) 321-2386,10115 Greenleaf Ave,Santa Fe Springs,CA,
 PRC Restoration Inc,(562) 338-3551,Carson,,CA,90745
 STYLEEKZ,(562) 352-5539,506 South Spring Street,Los Angeles,CA,
 Jetterman plumbing-drain specialist Inc,(562) 366-1344,Alhambra,,CA,91801
 Mr N Mrs House Cleaning,(562) 371-1331,352,Downey,CA,
 Danny's Tile Installation,(562) 382-5549,5747 Roosevelt Ave,South Gate,CA,
 Superb Kitchen Remodelers Paramount,(562) 386-0455,"6844 San Vincente St Paramount, CA 90723",Paramount,CA,
 Yantra Kitchen,(562) 392-8097,18511 Pioneer Blvd,Artesia,CA,
 Garrido's Contractor,(562) 400-7128,Norwalk,,CA,90650
 Remodeling by Marco,(562) 400-8916,Norwalk,,CA,90650
 Belly Bombz Kitchen,(562) 402-5400,11824 Artesia Blvd,Artesia,CA,
 Rolling Pin Kitchen Emporium,(562) 402-8109,239 Los Cerritos Ctr,Cerritos,CA,
 Pirates Kitchen,(562) 403-0443,11688 South St 107,Artesia,CA,
 Leo's Cabinets,(562) 408-0683,15939 Illinois Ave,Paramount,CA,
 Poached Kitchen,(562) 419-8171,9510 Lakewood Blvd,Downey,CA,
 R G E Construction and Roofing,(562) 419-9604,Downey,,CA,90241
 Babe's Kitchen,(562) 427-4897,1106 E Wardlow Rd,Long Beach,CA,
 Kim Sun Kitchen,(562) 428-0337,5449 Cherry Ave,Long Beach,CA,
 Royal Prestige North Long Beach,(562) 428-2508,1137 E Market St,Long Beach,CA,
 Pacific Sales Kitchen & Home,(562) 443-9033,5101 Clark Ave,Lakewood,CA,
 Superb Kitchen Remodelers Lakewood,(562) 454-1373,"5141 Fanwood Ave Lakewood, CA 90713",lakewood,CA,
 ABC Economy Furniture,(562) 457-6440,9215 Whittier Boulevard,Pico Rivera,CA,
 Family Home Improvements,(562) 464-0684,"12211 Front St,",Norwalk,CA,
 Bed Kitchen and Flooring Solut,(562) 464-5452,11828 Washington Blvd,Whittier,CA,
 On & On Kitchen,(562) 474-1707,13019 Ste Rosecrans Ave,Norwalk,CA,
 Milagro Rivera Renaware Independiente,(562) 481-1975,Downey,,CA,90241
 Poached Neighborhood Kitchen,(562) 485-2300,9510 Lakewood Blvd,Downey,CA,
 J & I Painting and Construction,(562) 485-7052,10054 E. Alondra Blvd. Suite 103,Bellflower,CA,
 Granite Depot Kitchen,(562) 492-1200,2801 Cherry Ave,Signal Hill,CA,
 VICTOR'S HANDYMAN,(562) 500-5065,Bellflower,,CA,90706
 Tony's Kitchen,(562) 513-3028,4280 Atlantic Ave,Long Beach,CA,
 La Italian Kitchen,(562) 529-5975,405 Lakewood Center Mall,Lakewood,CA,
 Royal Prestige Garcia,(562) 529-8260,15303 Paramount Blvd,Paramount,CA,
 China Town Kitchen,(562) 529-8863,7922 Ste Rosecrans Ave,Paramount,CA,
 Plasidyne,(562) 531-0510,3230 E 59th St,Long Beach,CA,
 Lakewood Center,(562) 531-6707,500 Lakewood Center Mall,Lakewood,CA,
 Paramount Laminates Inc,(562) 531-7580,15527 Vermont Ave,Paramount,CA,
 Remodelación Velasquez,(562) 542-4451,Los Angeles,,CA,90032
 System Wide Plumbing,(562) 543-2000,20032 State Road,Cerritos,CA,
 Genesis Furniture,(562) 553-9783,13161 Rosecrans Avenue,Santa Fe Springs,CA,
 Diaz General Construction,(562) 554-6980,Norwalk,,CA,90650
 Dial ONE Schilling Plumbing Heating & Air Conditioning,(562) 595-1448,3710 Industry Avenue,Lakewood,CA,
 Quality Tile and Marble Installation,(562) 595-6432,3113 Atlantic Ave,Long Beach,CA,
 Thai Kitchen Restaurant,(562) 630-6319,6632 Cherry Ave,Long Beach,CA,
 California Pizza Kitchen at Lakewood,(562) 633-0854,"Lakewood Boulevard Lakewood Center Mall,500",Lakewood,CA,
 HD Supply Repair & Remodel Tool Rental,(562) 633-1428,5950 N Paramount Blvd,Long Beach,CA,
 Best China Kitchen,(562) 633-3961,17234 Downey Ave,Bellflower,CA,
 Royal Prestige Mich Power,(562) 663-0724,15903 Lakewood Blvd,Bellflower,CA,
 The Appliance Diva,(562) 673-4134,1827 E Spring St,Long Beach,CA,
 DR Construction,(562) 688-2064,9319 Highdale Street,Bellflower,CA,
 Jc's Kitchen,(562) 693-1101,6541 Greenleaf Ave,Whittier,CA,
 Cinkar Kitchen cabinets and flooring,(562) 693-5763,11642 Washington Blvd,Whittier,CA,
 Modern Kitchen & Bath Inc,(562) 695-5100,11534 Slauson Ave,Whittier,CA,
 SERVPRO of Whittier,(562) 698-5368,9245 Santa Fe Springs Road,Santa Fe Springs,CA,
 Wood and More Corporation,(562) 699-2001,9427 Norwalk Blvd,Santa Fe Springs,CA,
 RS Construction,(562) 746-8372,Bell Gardens,,CA,90201
 Direct Connect Plumbing,(562) 753-6092,Compton,,CA,90220
 Robert Freelancer,(562) 774-6355,Downey,,CA,90241
 Zen Chinese Kitchen,(562) 803-1188,12022 Lakewood Blvd,Downey,CA,
 Infinity Kitchen Products,(562) 806-5771,7750 Scout Ave,Bell Gardens,CA,
 Villa Fresh Italian Kitchen,(562) 808-2137,8 Lakewood Center Mall Ste 008,Lakewood,CA,
 Villegas Construction,(562) 842-9047,Pico Rivera,,CA,90660
 Evans Kitchen & Bath Remodeling Design Center,(562) 860-2427,11328 South St,Cerritos,CA,
 Pro Renovation Enterprises Inc,(562) 860-5885,11306 E. 183rd St.,Cerritos,CA,
 Five Taste Kitchen,(562) 860-8555,17901 Pioneer Blvd,Artesia,CA,
 Maxwell's Kitchen & Bath,(562) 862-0279,11002 Downey Ave,Downey,CA,
 California Pizza Kitchen at Cerritos,(562) 865-4547,310 Los Cerritos Center Cerritos,Cerritos,CA,
 Uncle Bud's Kitchen,(562) 866-9389,16636 Clark Ave,Bellflower,CA,
 Don's Cabinets Inc,(562) 867-1771,10133 Artesia Pl,Bellflower,CA,
 Royal Prestige of California,(562) 869-2395,9040 Telegraph Rd,Downey,CA,
 J Nunez Remodeling,(562) 881-1278,Long Beach,,CA,90805
 Ktchen Ware of Lopez,(562) 904-3930,10920 Garfield Ave,South Gate,CA,
 Lolita Kitchen Supplies,(562) 904-7032,10920 Garfield Ave,South Gate,CA,
 Yoli's Mexican Kitchen,(562) 904-9700,9009 Gallatin Rd,Downey,CA,
 Asian Kitchen,(562) 906-8862,13325 Telegraph Rd,Whittier,CA,
 Emblema Enterprises,(562) 908-0670,8323 Whittier Blvd,Pico Rivera,CA,
 Sizzling Thai Kitchen,(562) 923-2294,8330 Stewart And Gray Rd,Downey,CA,
 Lideres En Desarollo Inc,(562) 923-8104,5863 Imperial Hwy,South Gate,CA,
 Mabuhay Kitchen,(562) 924-4600,12233 Artesia Blvd,Cerritos,CA,
 Choice Granite Company,(562) 925-3777,5546 South St,Lakewood,CA,
 Avanity Corporation,(562) 941-0712,12858 Florence Ave,Santa Fe Springs,CA,
 Jenny's Country Kitchen,(562) 944-2480,13319 E Telegraph Road,Whittier,CA,
 Ray's Little Kitchen,(562) 945-0900,12320 Penn St,Whittier,CA,
 Kim June,(562) 945-5922,13427 Whittier Blvd,Whittier,CA,
 HomeCo Kitchen & Bath Depot,(562) 949-1970,7271 Paramount Blvd,Pico Rivera,CA,
 Kitchen Ware,(562) 949-4930,7860 Paramount Blvd,Pico Rivera,CA,
 Construction Specialists Innovators Inc,(562) 964-3700,7250 Via Amorita,Downey,CA,
 Home Deco,(562) 988-2878,855 E Willow St,Signal Hill,CA,
 Kitchen Kreations,(562) 989-5553,3647 Atlantic Ave,Long Beach,CA,
 Your Enhanced Space LLC,(617) 794-1405,10600 West Pico Blvd Ste 204,Los Angeles,CA,
 Professionally Designed Cabinets,(619) 306-5110,Hawthorne,,CA,90250
 6 Plus Custom Furniture,(626) 201-3089,6218 1/2 S Wilton Pl,Los Angeles,CA,
 A+ Bathroom & Kitchen Remodeling,(626) 208-9396,1441 Huntington Dr,South Pasadena,CA,
 Pro Tile Stone Installation,(626) 234-8304,Los Angeles,,CA,90059
 Wei's Cuisine Kitchen,(626) 280-2028,8150 Garvey Ave,Rosemead,CA,
 Jamies Kitchen Cabinets,(626) 280-4112,3246 Ste San Gabriel Blvd,Rosemead,CA,
 H & X Private Kitchen,(626) 280-9318,848 E Garvey Ave,Monterey Park,CA,
 Nan Jing Kitchen,(626) 281-8968,706 W Las Tunas Dr,San Gabriel,CA,
 Indo Kitchen,(626) 282-1676,5 N 4th St,Alhambra,CA,
 Kingburg Kitchen,(626) 282-2386,715 W Las Tunas Dr,San Gabriel,CA,
 Blue Sky Cabinet,(626) 282-3391,9131 Garvey Ave,Rosemead,CA,
 Liangs Kitchen,(626) 282-8238,788 S Atlantic Blvd,Monterey Park,CA,
 Joyful Kitchen,(626) 284-2619,301 W Ste Valley Blvd,San Gabriel,CA,
 Modern Kitchen Inc,(626) 286-9300,330 S San Gabriel Blvd,San Gabriel,CA,
 Tantawan Thai Kitchen,(626) 288-1527,9000 Ste Garvey Ave,Rosemead,CA,
 Fang's Kitchen,(626) 288-4567,306 N Garfield Ave,Monterey Park,CA,
 Akura Appliances Co LLC,(626) 288-8621,8328 Valley Blvd,Rosemead,CA,
 In Desing Carpentry,(626) 289-0398,1427 W Ste Valley Blvd,Alhambra,CA,
 Colonial Kitchen,(626) 289-2449,1110 Huntington Dr,San Marino,CA,
 Mama's Kitchen,(626) 289-8984,1308 E Valley Blvd,Alhambra,CA,
 Mark Kitchen Equipment Services Inc,(626) 293-8818,212 Monterey Pass Rd,Monterey Park,CA,
 Fitrition Kitchen,(626) 300-8068,500 S Ste Atlantic Blvd,Monterey Park,CA,
 Ace Cabinet & Kitchen Design Inc,(626) 300-8681,1165 W Valley Blvd,Alhambra,CA,
 Rubens Kitchen,(626) 307-1157,8728 Ste Valley Blvd,Rosemead,CA,
 Yi's Kitchen,(626) 307-5128,818 E Valley Blvd,San Gabriel,CA,
 Cabinet City,(626) 308-7899,413 W Las Tunas Dr,San Gabriel,CA,
 Pacair,(626) 309-9989,8607 Valley Blvd,Rosemead,CA,
 Cleaning With Meaning,(626) 321-5464,Rosemead,,CA,91770
 Bestile Cabinet El Monte,(626) 322-2671,2521 Rosemead Blvd.,South El Monte,CA,
 Blanca's Cleaning,(626) 323-8672,East Los Angeles,,CA,90022
 New Jufu Cabinet Icn,(626) 350-6989,9657 Rush St,South El Monte,CA,
 Orantes Builders Inc,(626) 399-8296,Los Angeles,,CA,90044
 1 Time Kitchens,(626) 401-3777,9251 Garvey Ave,South El Monte,CA,
 Urban Kitchen,(626) 403-5633,1009 Fair Oaks Ave,South Pasadena,CA,
 Aqua Painting Inc,(626) 418-4539,Alhambra,,CA,91801
 The Kitchen Standard Inc,(626) 441-7999,1001 Mission St,South Pasadena,CA,
 Whole New Cabinets USA,(626) 443-8188,2601 Loma Ave,South El Monte,CA,
 Interior Corner,(626) 452-8833,2714 Stingle Ave,Rosemead,CA,
 JC Kitchen & Bath,(626) 456-0619,11515 Slauson Avenue #101,Whittier,CA,
 Euro Image Kitchen Studio,(626) 457-8099,601 W Las Tunas Dr,San Gabriel,CA,
 Rpn Design Inc,(626) 460-8180,1030 S Arroyo Pkwy,Pasadena,CA,
 Pizza Kitchen,(626) 573-0092,1633 Potrero Grande Dr,Rosemead,CA,
 Harlem's Kitchen,(626) 573-3929,8150 Ste Garvey Ave,Rosemead,CA,
 Restaurant Equipment,(626) 575-0398,9523 Rush St,South El Monte,CA,
 Exquisite Cabinets,(626) 575-8837,9521 Rush St,South El Monte,CA,
 Urbano Mexican Kitchen LLC,(626) 578-1160,147 W California Blvd,Pasadena,CA,
 Charlton Cabinets Inc,(626) 614-1968,109 Ste Agostino Rd,San Gabriel,CA,
 RET Construction Corp,(626) 679-4013,ROSEMEAD,,CA,91770-3648
 Grassroots Natural Market & Kitchen,(626) 679-9015,1119 Fair Oaks Ave,South Pasadena,CA,
 Superb Kitchen Remodelers Rosemead,(626) 727-8989,"8921 Bentel Ave Rosemead, CA 91770",rosemead,CA,
 Pistacho Kitchen,(626) 741-5888,580 E Garvey Ave,Monterey Park,CA,
 Arcadia Plumbing,(626) 755-0191,San Gabriel,,CA,91775
 LA Futile Living Kitchen,(626) 759-3540,8526 Ste Valley Blvd,Rosemead,CA,
 Royal Prestige-Kitchen King,(626) 782-0355,1000 San Gabriel Blvd,Rosemead,CA,
 Chucks Appliance Service,(626) 792-1231,917 Fair Oaks,South Pasadena,CA,
 The Kitchen for Exploring Foods,(626) 793-7218,1150 S Olive St,Los Angeles,CA,
 Mission West,(626) 799-0285,905 Mission St,South Pasadena,CA,
 Mission West Kitchen & Bath,(626) 799-3503,905 Mission St,South Pasadena,CA,
 Hawaiian B B Q Kitchen,(626) 799-3618,711 Fair Oaks Ave,South Pasadena,CA,
 Lovely Cleaning LA,(626) 800-4988,Alhambra,,CA,91803
 Smart Remodeling,(626) 833-2833,South Pasadena,,CA,91030
 Elegante Construction & Designs Inc,(626) 863-8133,Monterey Park,,CA,91754
 Tai-Kadai Noodle Kitchen Inc,(626) 872-0026,8877 Valley Blvd,Rosemead,CA,
 Modern Kitchen Remodeling,(626) 921-6189,1411 S Garfield Ave,Alhambra,CA,
 VIP REMODEL,(626) 940-9420,9254 Hall Rd.,Downey,CA,
 Howard's Appliance TV & Mattress,(626) 943-9413,2121 W Main St #300,Alhambra,CA,
 Best Kitchen & Bath,(626) 999-3393,P O Box 46,Alhambra,CA,
 Mahanaim Constructor,(661) 389-8205,Gardena,,CA,90249
" Letty's Cleaner, LLC",(714) 251-3373,Norwalk,,CA,90650
 Green Office Cleaning,(714) 371-5959,South Gate,,CA,90280
 Marcy's Kitchen Cabinets,(714) 829-7050,7965 Ruth Way,Riverside,CA,
" Yireh Maintenance and Services, LLC",(714) 860-9832,Los Angeles,,CA,90003
 Interior Design Details,(714) 982-9196,Playa del Rey,,CA,90293
 JB Noble Interiors,(719) 314-8562,#LF,Beverly Hills,CA,
 Handyman Construction L A Inc,(747) 474-9660,LOS ANGELES,,CA,90002
 Mija Handcraft Kitchen,(760) 580-1653,4130 Sepulveda Blvd #G,Culver City,CA,
 North Star Kitchen and Bath,(760) 846-2284,450 Morse St,Oceanside,CA,
 Temporary Kitchens 123,(800) 205-6106,"3415 S Sepulveda Blvd 11th Floor, Los Angeles, CA 9003",Los Angeles,CA,
" Pacific Home Remodeling, Inc",(800) 392-4448,12658 W Washington Blvd,Los Angeles,CA,
 Closets by Design - Whittier,(800) 500-9210,3850 Capitol Avenue,City of Industry,CA,
 Closets by Design - Southern California,(800) 500-9210,3850 Capitol Avenue,City of Industry,CA,
 National appliance repair,(800) 673-1160,11209 National Boulevard Unit #1111,Los Angeles,CA,
 Kyra Construction Inc,(800) 757-7885,468 North Camden Drive,Beverly Hills,CA,
" Kitchen Remodeling Beverly Hills, CA",(800) 794-8404,14542 # Ventura Blvd,Beverly Hills,CA,
 Structura Remodeling,(800) 922-4613,1702 S Robertson Blvd #113,Los Angeles,CA,
 Kitchen Remodeling Pleasanton,(814) 300-8394,1302 N Wilmington Ave,California,CA,
 kitchen appliances ripaIre,(818) 219-8002,725 E Apt Garfield Ave,Glendale,CA,
 Kitchen Appliances Repair,(818) 219-8006,"725 E Garfield Ave 4, Glendale, CA 91205",Glendale,CA,
 RP Kitchen Design,(818) 220-2885,521 Alexandre St,Glendale,CA,
 Ajemco,(818) 240-2220,4423 San Fernando Rd,Glendale,CA,
 Kitsch'n Glam,(818) 240-9793,155 S Pacific Ave,Glendale,CA,
 Mimino Kitchen,(818) 241-9800,333 N Verdugo Rd,Glendale,CA,
 Sur La Table,(818) 244-3608,138 Caruso Ave,Glendale,CA,
 Ana's Kitchen,(818) 244-5182,730 South Central Avenue,Glendale,CA,
 Econstruction Inc,(818) 284-7545,Los Angeles,,CA,90048
 Off the Leash Modern Pet Provisions,(818) 293-5290,1347 East Colorado Street,Glendale,CA,
 MJE Custome Carpentry,(818) 310-4722,Los Angeles,,CA,91304
 Trai Beverly Hills Design by Cherryl Alan,(818) 342-2600,291 S La Cienega Blvd,Beverly Hills,CA,
 Campus Kitchen,(818) 422-2247,5220 W Ste Washington Blvd,Los Angeles,CA,
 High Power Construction,(818) 447-4665,3201 N Alameda Street Ste E,Compton,CA,
 Instant Restoration,(818) 486-6546,Los Angeles,,CA,91401
 Kim's Kitchen,(818) 507-1185,1229 E Colorado St,Glendale,CA,
 California Pizza Kitchen at Glendale,(818) 507-1558,101 North Brand Boulevard,Glendale,CA,
 Sam Woo Kitchen,(818) 507-8000,906 E Colorado St,Glendale,CA,
 Kitchen Depot,(818) 507-9223,4525 Ste San Fernando Rd,Glendale,CA,
 Kitchen Appliance Repair,(818) 533-9904,725 E Apt Garfield Ave,Glendale,CA,
 Ny9 Kitchen,(818) 550-1788,514 W Colorado St,Glendale,CA,
 Bright Builders,(818) 616-8106,11022 Santa Monica Blvd #420,"Los Angeles, CA",CA,
 Universal Cross Construction LLC,(818) 641-6084,Inglewood,,CA,90302
 Rotmos Kitchen,(818) 649-1414,325 N Verdugo Rd,Glendale,CA,
 Kitchen Remodel And Design Glendale,(818) 651-7717,125 S Jackson St,Glendale,CA,
 Modern Bathroom Remodel And Renovation Glendale,(818) 651-7733,817 E Chestnut St,Glendale,CA,
 Wong's Wok Chinese Kitchen,(818) 662-9717,1415 E Colorado St,Glendale,CA,
 VIP Kitchen Design,(818) 696-1177,1007 S Central Ave,Glendale,CA,
 VC Handyman Services,(818) 800-4723,Los Angeles,,CA,91345
 Invisacook California,(818) 851-2028,Los Angeles,,CA,90026
 Build Strong Construction,(818) 877-6829,222 North Pacific Coast Highway Floor 10 Suite 119,El Segundo,CA,
 Sewer Heroes Inc Glendale Plumbing & Sewer Services,(818) 888-6886,464 West Windsor Road,Glendale,CA,
 Washburn Construction,(818) 903-3696,Los Angeles,,CA,91042
 Grillers Mediterranean Kitchen,(818) 945-5525,425 North Brand Boulevard,Glendale,CA,
 Sing Woo Kitchen,(818) 945-5983,906 E Colorado St,Glendale,CA,
 Hamlet's Kitchen,(818) 956-3778,1248 S Glendale Ave,Glendale,CA,
 E Coast Construction,(818) 974-5854,Los Angeles,,CA,91316
 Michael J's Catering Kitchen,(818) 990-7557,1640 Ste Marengo St,Los Angeles,CA,
 Pacific Kitchen Equipment Service,(833) 253-0456,1648 N Cherokee Ave,Los-Angeles,CA,
 Wayfarer Apartments + Marina,(844) 445-4326,14000 Palawan Way,Marina del Rey,CA,
 Home Upgrade Specialist,(844) 516-2426,8727 W 3rd St St #204,Los Angeles,CA,
 Kitchen Mouse Cafe,(844) 590-4344,5904 N Figueroa St,Los Angeles,CA,
 GREEN PRO CONSTRUCTION,(855) 277-1114,14028 Tahiti Way #411,Marina Del Rey,CA,
 ServeSmart,(855) 745-7790,Los Angeles,,CA,90004
 Guideline Builders Inc,(855) 877-2722,2102 Harriman Lane,Redondo Beach,CA,
 Alpha Pro Builders,(855) 959-2811,#304,Beverly Hills,CA,
 Cooper-Pacific Kitchens,(866) 203-3307,8687 Melrose Ave,West Hollywood,CA,
 Payless Kitchen Cabinets,(866) 482-0919,3614 San Fernando Rd Unit NULL,Glendale,CA,
 Flip It Homes Inc,(866) 641-1069,4136 Del Rey Avenue,Marina del Rey,CA,
 Maingreen Remodel & Construction,(866) 802-3255,1124 Glenville Drive STE 2,Los Angeles,CA,
 1800 Construction,(877) 359-0308,LOS ANGELES,,CA,90010-1923
 Construction Guaranteed Inc,(877) 777-8030,Redondo Beach,,CA,90278
 Shayla's Kitchen,(877) 827-5933,833 Ste Torrance Blvd,Torrance,CA,
 Sterling Construction Co,(888) 221-6663,9025 Wilshire Blvd Suite 301,Beverly Hills,CA,
 The Container Store,(888) 266-8246,110 S Fairfax Ave A-17,Los Angeles,CA,
" ESV PRIME CONSTRUCTION SPECIALISTS, INC",(888) 284-5395,3330 Barham Boulevard 103,Los Angeles,CA,
 Lux Builders & Remodeling Inc,(888) 335-0777,1020 Manhattan Beach Boulevard,Manhattan Beach,CA,
" LA Urban Company,  Inc",(888) 365-4190,5042 Wilshire Blvd,Los Angeles,CA,
 Guy Fieri's Flavortown Kitchen,(888) 395-3942,Redondo Beach,,CA,90277
 LankyBox Kitchen,(888) 418-9852,Los Angeles,,CA,90041
 DB Construction,(888) 437-7778,4555 Valley Boulevard,Los Angeles,CA,
 180 Design Group LLC - A Kitchen Design & Remodeling Company,(888) 666-4711,9961 Robbins Dr,Beverly Hills,CA,
 Bay Cities Construction,(888) 881-7355,517 Earle Ln,Redondo Beach,CA,
 fuego living,(888) 883-8346,1789 E 46th St,Los Angeles,CA,
 Kitchen Hair Designs,(888) 885-8937,Los Angeles,,CA,90019
 Ruben's Custom Cabinetry & Fine Wood Finishes,(888) 973-4552,1444 S Bonnie Beach Pl,Los Angeles,CA,
" IZ Construction ""One Stop Shop""",(909) 419-3181,4520 Rosemead Boulevard,Pico Rivera,CA,
 Best Appliance Repair Los Angeles,(909) 640-3446,7546 Stewart and Gray Rd,Downey,CA,
 Spencer Kitchen Rebuild,(949) 354-6502,6700 Manchester Blvd,Buena Park,CA,
 King's Bath & Kitchen Refinishing Inc,(949) 689-6766,34052 Doheny Park Rd SPC 160,Dana Point,CA,
 Stricklin Custom Home Products,(951) 310-1369,9205 La Reina Ave,Downey,CA,
